{
	"float": [
	{ "symbols": [ 1,2,3 ]},
	{ "symbols": [ 4 ]},
	{ "symbols": [ 1 ]},
	{ "symbols": [ 1,3,2 ]}
	],
  "fixed": [
   { "col": 0,
      "symbols": [  ]},
    { "col": 1,
      "symbols": [ 4 ]},
    { "col": 2,
      "symbols": [4,3,2 ]},
    { "col": 3,
      "symbols": [ 4,2,3,1 ]},
    { "col": 4,
      "symbols": [4,3,2,1 ]},
    { "col": 5,
      "symbols": [4,2,3,1]},
	{ "col" :6,
	  "symbols" : [4,3,2,1]},
	{ "col" :7,
	  "symbols" : [4,2,3,1]},
	{ "col" :8,
	  "symbols" : [4,3,2,1]},
	{ "col" :9,
	  "symbols" : [4,2,3,1]}
  ],
  "solution": [
    { "col": 0,
      "symbols": [ 4,3,2,1 ]},
    { "col": 1,
      "symbols": [ 4,2,3,1 ]},
    { "col": 2,
      "symbols": [4,3,2,1 ]},
    { "col": 3,
      "symbols": [ 4,2,3,1 ]},
    { "col": 4,
      "symbols": [4,3,2,1 ]},
    { "col": 5,
      "symbols": [4,2,3,1]},
	{ "col" :6,
	  "symbols" : [4,3,2,1]},
	{ "col" :7,
	  "symbols" : [4,2,3,1]},
	{ "col" :8,
	  "symbols" : [4,3,2,1]},
	{ "col" :9,
	  "symbols" : [4,2,3,1]}
  ]
}