{
	"float": [
	{ "symbols": [ 1,3 ]},
	{ "symbols": [ 4,0 ]},
	{ "symbols": [ 0,4 ]},
	{ "symbols": [ 3,1 ]}
	],
  "fixed": [
     { "col": 0,
      "symbols": [ 0 ]},
    { "col": 1,
      "symbols": [ 0 ]},
    { "col": 2,
      "symbols": [1 ]},
    { "col": 3,
      "symbols": [ 1,1,3 ]},
    { "col": 4,
      "symbols": [2,2,2 ]},
    { "col": 5,
      "symbols": [2,2,2]},
	{ "col" :6,
	  "symbols" : [3,3,1]},
	{ "col" :7,
	  "symbols" : [3]},
	{ "col" :8,
	  "symbols" : [4,4,0]},
	{ "col" :9,
	  "symbols" : [4,4,0]}
  ],
  "solution": [
    { "col": 0,
      "symbols": [ 0,0,4 ]},
    { "col": 1,
      "symbols": [ 0,0,4 ]},
    { "col": 2,
      "symbols": [1,1,3 ]},
    { "col": 3,
      "symbols": [ 1,1,3 ]},
    { "col": 4,
      "symbols": [2,2,2 ]},
    { "col": 5,
      "symbols": [2,2,2]},
	{ "col" :6,
	  "symbols" : [3,3,1]},
	{ "col" :7,
	  "symbols" : [3,3,1]},
	{ "col" :8,
	  "symbols" : [4,4,0]},
	{ "col" :9,
	  "symbols" : [4,4,0]}
  ]
}