{
	"float": [{
		"symbols": [
			2,
			1,
			5
			
		]
	},
	{
		"symbols": [
			5,
			2,1
	]}
	,
	{
		"symbols": [
			1,
		2
	]}
	
	],
  "fixed": [
    {
      "col": 0,
      "symbols": [ 5,5 ]
    },
    {
      "col": 1,
      "symbols": [ 5 ]
    },
    {
      "col": 2,
      "symbols": [ 5,2,1 ]
    }
	,
    {
      "col": 3,
      "symbols": [ 2,1 ]
    }
	,
    {
      "col": 4,
      "symbols": [ ]
    }
	,
    {
      "col": 5,
      "symbols": [2,1 ]
    },
	{ "col" :6,
	"symbols" : [10]},
	{ "col" :7,
	"symbols" : [10]},
	{ "col" :8,
	"symbols" : [10]},
	{ "col" :9,
	"symbols" : [10]}
  ],
  "solution": [
    {
      "col": 0,
      "symbols": [ 5,5,5,2,1 ]
    },
    {
      "col": 1,
      "symbols": [ 5,5,2,1 ]
    },
    {
      "col": 2,
      "symbols": [ 5,2,1 ]
    }
	,
    {
      "col": 3,
      "symbols": [ 2,1 ]
    }
	,
    {
      "col": 4,
      "symbols": [2,1 ]
    }
	,
    {
      "col": 5,
      "symbols": [2,1 ]
    },
	{ "col" :6,
	"symbols" : [10]},
	{ "col" :7,
	"symbols" : [10]},
	{ "col" :8,
	"symbols" : [10]},
	{ "col" :9,
	"symbols" : [10]}
  ]
}