{
	"float": [{
		"symbols": [
			3,
			0,
			1
		]
	},
	{
		"symbols": [
			8,
			7,
			0
	]}],
  "fixed": [
     {
      "col": 1,
      "symbols": [ 8, 0, 7]
    },
    {
      "col": 2,
      "symbols": [ 1, 0, 1 ]
    }
	,
    {
      "col": 3,
      "symbols": [ 7, 0, 7 ]
    }
	,
    {
      "col": 4,
      "symbols": [ 1, 0, 1 ]
    }
	,

    {
      "col": 6,
      "symbols": [ 1, 0, 3 ]
    },
	{"col":7, "symbols":[10]},
  {"col":8, "symbols":[10]},
  {"col":9, "symbols":[10]}
  ],
  "solution": [
    {
      "col": 0,
      "symbols": [ 3, 0, 1 ]
    },
    {
      "col": 1,
      "symbols": [ 8, 0, 7]
    },
    {
      "col": 2,
      "symbols": [ 1, 0, 1 ]
    }
	,
    {
      "col": 3,
      "symbols": [ 7, 0, 7 ]
    }
	,
    {
      "col": 4,
      "symbols": [ 1, 0, 1 ]
    }
	,
    {
      "col": 5,
      "symbols": [ 7, 0, 8 ]
    }
	,
    {
      "col": 6,
      "symbols": [ 1, 0, 3 ]
    },
	{"col":7, "symbols":[10]},
  {"col":8, "symbols":[10]},
  {"col":9, "symbols":[10]}
  ]
}