{
	"float": [
	{ "symbols": [8 ]},
	{ "symbols": [ 6,9 ]},
	{ "symbols": [ 1 ]},
	{ "symbols": [ 1,7 ]}
	],
  "fixed": [
    { "col": 0,
      "symbols": [ 2 ]},
    { "col": 1,
      "symbols": [ 2,8,4 ]},
    { "col": 2,
      "symbols": [2,8,2,7,0 ]},
    { "col": 3,
      "symbols": [ 10 ]},
    { "col": 4,
      "symbols": [10]},
    { "col": 5,
      "symbols": [10]},
	{ "col" :6,
	  "symbols" : [10]},
	{ "col" :7,
	  "symbols" : [10]},
	{ "col" :8,
	  "symbols" : [10]},
	{ "col" :9,
	  "symbols" : [10]}
  ],
  "solution": [
    { "col": 0,
      "symbols": [ 2,8,1,7,1 ]},
    { "col": 1,
      "symbols": [ 2,8,4,9,6 ]},
    { "col": 2,
      "symbols": [2,8,2,7,0 ]},
    { "col": 3,
      "symbols": [ 10 ]},
    { "col": 4,
      "symbols": [10]},
    { "col": 5,
      "symbols": [10]},
	{ "col" :6,
	  "symbols" : [10]},
	{ "col" :7,
	  "symbols" : [10]},
	{ "col" :8,
	  "symbols" : [10]},
	{ "col" :9,
	  "symbols" : [10]}
  ]
}