{
	"float": [{
		"symbols": [
			8,
			8
			
		]
	},
	{
		"symbols": [
			1,
			7
	]}
	,
	{
		"symbols": [
			2,
			2
	]}
	
	],
  "fixed": [
     {
      "col": 0,
      "symbols": [ 1,7,7,7,1 ]
    },
    {
      "col": 1,
      "symbols": [ 8,1,7 ]
    },
    {
      "col": 2,
      "symbols": [ 8,8,1,1 ]
    }
	,
    {
      "col": 3,
      "symbols": [  ]
    }
	,
    {
      "col": 4,
      "symbols": [ 8,2,7,7,2 ]
    }
	,
    {
      "col": 5,
      "symbols": [ 2,7,7,7,2 ]
    },
	{"col":6, "symbols":[10]},
	{"col":7, "symbols":[10]},
	{"col":8, "symbols":[10]},
    {"col":9, "symbols":[10]}
  ],
  "solution": [
    {
      "col": 0,
      "symbols": [ 1,7,7,7,1 ]
    },
    {
      "col": 1,
      "symbols": [ 8,1,7,7,1 ]
    },
    {
      "col": 2,
      "symbols": [ 8,8,1,1 ]
    }
	,
    {
      "col": 3,
      "symbols": [ 8,8,2,2 ]
    }
	,
    {
      "col": 4,
      "symbols": [ 8,2,7,7,2 ]
    }
	,
    {
      "col": 5,
      "symbols": [ 2,7,7,7,2 ]
    },
	{"col":6, "symbols":[10]},
	{"col":7, "symbols":[10]},
	{"col":8, "symbols":[10]},
    {"col":9, "symbols":[10]}
  ]
}