{
	"float": [{
		"symbols": [
			0,
			0
			
		]
	},
	{
		"symbols": [
			
			1
	]}
	,
	{
		"symbols": [
			
			1
	]}
	,
	{
		"symbols": [
			2,
		0
	]}
	
	],
  "fixed": [
    {
      "col": 0,
      "symbols": [ 0 ]
    },
    {
      "col": 1,
      "symbols": [ 0, 0  ]
    },
    {
      "col": 2,
      "symbols": [ 0, 1 ]
    }
	,
    {
      "col": 3,
      "symbols": [ 1,1,1,1 ]
    }
	,
    {
      "col": 4,
      "symbols": [10 ]
    }
	,
    {
      "col": 5,
      "symbols": [2,2,2,2 ]
    },
	{ "col" :6,
	"symbols" : []},
	{ "col" :7,
	"symbols" : [0,0,2]},
	{ "col" :8,
	"symbols" : [0,0,0,2]},
	{ "col" :9,
	"symbols" : [10]}
  ],
  "solution": [
    {
      "col": 0,
      "symbols": [ 0, 0, 0, 1 ]
    },
    {
      "col": 1,
      "symbols": [ 0, 0 ,1 ]
    },
    {
      "col": 2,
      "symbols": [ 0, 1 ]
    }
	,
    {
      "col": 3,
      "symbols": [ 1,1,1,1 ]
    }
	,
    {
      "col": 4,
      "symbols": [ 10]
    }
	,
    {
      "col": 5,
      "symbols": [2,2,2,2 ]
    },
	{ "col" :6,
	"symbols" : [0,2]},
	{ "col" :7,
	"symbols" : [0,0,2]},
	{ "col" :8,
	"symbols" : [0,0,0,2]},
	{ "col" :9,
	"symbols" : [10]}
  ]
}